{"cameraMode":{"drawMode":0,"name":"Shaded","section":"Shading Mode"},"sceneLighting":true,"audioPlay":false,"sceneViewState":{"showFog":true,"showMaterialUpdate":true,"showSkybox":true,"showFlares":true,"showImageEffects":true,"showParticleSystems":true},"in2DMode":false,"pivot":{"x":112.24822235107422,"y":136.92398071289063,"z":-45.654205322265628},"rotation":{"x":-0.2190137654542923,"y":0.007900306954979897,"z":-0.001773523399606347,"w":-0.9756930470466614},"size":294.9875183105469,"orthographic":false}