{"cameraMode":{"drawMode":0,"name":"Shaded","section":"Shading Mode"},"sceneLighting":true,"audioPlay":false,"sceneViewState":{"showFog":true,"showMaterialUpdate":true,"showSkybox":true,"showFlares":true,"showImageEffects":true,"showParticleSystems":true},"in2DMode":false,"pivot":{"x":2.319999933242798,"y":1.2029999494552613,"z":2.378000020980835},"rotation":{"x":-0.27811792492866518,"y":-0.2562127113342285,"z":0.07724200189113617,"w":-0.9225225448608398},"size":17.932170867919923,"orthographic":false}